                  epoch,         train/box_loss,         train/cls_loss,         train/dfl_loss,   metrics/precision(B),      metrics/recall(B),       metrics/mAP50(B),    metrics/mAP50-95(B),           val/box_loss,           val/cls_loss,           val/dfl_loss,                 lr/pg0,                 lr/pg1,                 lr/pg2
                      1,                 3.8462,                 4.5378,                 3.3564,                0.46936,                0.01543,                0.00169,                 0.0005,                 3.3836,                 4.3759,                  3.027,               0.070085,              0.0033239,              0.0033239
                      2,                 2.9641,                 3.5783,                 2.4196,                0.48178,                0.02134,                0.00643,                0.00231,                 2.9541,                 4.3641,                 2.6398,               0.040055,              0.0066273,              0.0066273
                      3,                 2.6604,                  3.163,                 2.1249,                0.30957,                 0.0347,                0.01477,                0.00471,                 2.6619,                 3.5719,                 2.4192,              0.0099951,              0.0099006,              0.0099006
                      4,                 2.3859,                 2.8399,                 1.8931,                0.06046,                0.04636,                 0.0173,                0.00581,                 2.5337,                 4.2871,                 2.3188,               0.009865,               0.009865,               0.009865
                      5,                  2.143,                 2.5539,                 1.7617,                0.20957,                0.07306,                0.03729,                0.01339,                 2.3128,                 3.3848,                 2.1073,                0.00982,                0.00982,                0.00982
                      6,                 1.9611,                 2.3172,                  1.656,                0.10423,                0.07454,                0.04451,                0.01485,                  2.325,                 3.1291,                 2.0768,               0.009775,               0.009775,               0.009775
                      7,                 1.8439,                 2.1533,                 1.5874,                0.19673,                0.09279,                 0.0709,                0.02836,                 2.1347,                 2.8837,                 1.9818,                0.00973,                0.00973,                0.00973
                      8,                 1.7467,                 2.0098,                 1.5388,                0.23309,                0.11974,                0.09158,                0.03869,                 1.9202,                 2.6799,                  1.856,               0.009685,               0.009685,               0.009685
                      9,                 1.6761,                 1.8898,                 1.4934,                0.32462,                0.13432,                0.10876,                0.04628,                 1.8423,                 2.5239,                 1.8039,                0.00964,                0.00964,                0.00964
                     10,                 1.6154,                 1.7898,                 1.4439,                0.25852,                0.14162,                0.11869,                0.05232,                 1.8495,                 2.5724,                 1.7613,               0.009595,               0.009595,               0.009595
                     11,                 1.8741,                 2.8636,                 1.9319,                0.34948,                0.11829,                0.09756,                0.04424,                 2.0057,                 2.5559,                 1.8162,                0.00955,                0.00955,                0.00955
                     12,                 1.7789,                 2.6073,                 1.8402,                0.46862,                0.15478,                0.14471,                0.06771,                 1.7149,                 2.3159,                 1.6996,               0.009505,               0.009505,               0.009505
                     13,                 1.7373,                 2.4262,                 1.7933,                0.44797,                0.13743,                0.12492,                0.05444,                 1.9522,                 2.4057,                 1.7844,                0.00946,                0.00946,                0.00946
                     14,                 1.7045,                 2.4399,                 1.7712,                0.43089,                0.15628,                0.16003,                0.07645,                 1.7331,                 2.1673,                 1.6644,               0.009415,               0.009415,               0.009415
                     15,                 1.6361,                   2.25,                 1.7498,                0.49316,                0.18314,                0.18006,                0.08871,                  1.656,                  2.219,                 1.6285,                0.00937,                0.00937,                0.00937
                     16,                 1.5884,                 2.1842,                 1.7081,                0.49589,                0.18304,                  0.193,                0.09959,                 1.5928,                 2.1395,                 1.5627,               0.009325,               0.009325,               0.009325
                     17,                  1.622,                 2.1113,                 1.6642,                0.57922,                0.16879,                0.17449,                0.08686,                 1.7565,                 2.3572,                 1.5856,                0.00928,                0.00928,                0.00928
                     18,                 1.5797,                 2.0453,                 1.6392,                0.62294,                0.20245,                0.20638,                0.10744,                 1.6163,                 1.8867,                 1.5244,               0.009235,               0.009235,               0.009235
                     19,                 1.5337,                  1.951,                  1.617,                0.64678,                0.19322,                0.19681,                0.10324,                 1.6562,                 2.1061,                 1.5492,                0.00919,                0.00919,                0.00919
                     20,                 1.5787,                 1.9348,                 1.6139,                 0.5768,                0.22289,                0.22879,                0.11881,                 1.5443,                 1.9044,                 1.5056,               0.009145,               0.009145,               0.009145
                     21,                 1.5358,                 1.8693,                  1.591,                0.56137,                0.21574,                0.22111,                0.11412,                 1.5699,                 1.9179,                  1.512,                 0.0091,                 0.0091,                 0.0091
                     22,                 1.5234,                 1.8701,                 1.5878,                0.47118,                0.23286,                0.22816,                0.11897,                 1.5337,                  1.998,                 1.4829,               0.009055,               0.009055,               0.009055
                     23,                 1.5516,                 1.7975,                 1.5447,                 0.5395,                0.22989,                  0.234,                0.12065,                 1.5735,                 1.8669,                  1.482,                0.00901,                0.00901,                0.00901
                     24,                  1.537,                 1.8787,                 1.5507,                0.55836,                0.24215,                0.24866,                0.13281,                 1.5239,                 1.8497,                 1.4483,               0.008965,               0.008965,               0.008965
                     25,                 1.5432,                 1.7188,                 1.5419,                0.46636,                0.25431,                0.25327,                0.13385,                 1.5431,                  1.704,                 1.4461,                0.00892,                0.00892,                0.00892
                     26,                 1.5199,                 1.7508,                 1.5542,                0.60589,                0.24192,                0.25502,                0.13549,                 1.5204,                 1.7311,                  1.449,               0.008875,               0.008875,               0.008875
                     27,                 1.5165,                 1.7271,                 1.5316,                0.48168,                0.25738,                0.25531,                0.14022,                 1.4813,                 1.7678,                 1.4164,                0.00883,                0.00883,                0.00883
                     28,                 1.5461,                 1.6803,                 1.5136,                0.47815,                0.27514,                0.26148,                0.14241,                  1.476,                  1.679,                 1.4049,               0.008785,               0.008785,               0.008785
                     29,                 1.5321,                 1.6535,                 1.4873,                0.50486,                 0.2545,                0.26347,                0.14188,                 1.5668,                 1.6754,                 1.4212,                0.00874,                0.00874,                0.00874
                     30,                 1.5308,                 1.6197,                 1.4921,                0.53067,                0.26347,                0.27467,                0.14922,                 1.5283,                 1.8016,                 1.4047,               0.008695,               0.008695,               0.008695
                     31,                 1.5225,                 1.6294,                 1.4687,                0.57865,                0.27081,                0.28096,                0.15269,                 1.5106,                 1.6233,                 1.3865,                0.00865,                0.00865,                0.00865
                     32,                 1.5071,                 1.5598,                 1.4661,                 0.5655,                0.26916,                0.27791,                0.15098,                 1.4741,                 1.7012,                 1.3717,               0.008605,               0.008605,               0.008605
                     33,                 1.5265,                 1.5982,                 1.4733,                0.52874,                 0.2725,                0.28045,                0.15348,                 1.5242,                 1.6067,                 1.3774,                0.00856,                0.00856,                0.00856
                     34,                 1.5382,                 1.5255,                 1.4512,                0.59017,                0.27848,                0.29438,                0.16228,                  1.504,                  1.609,                 1.3668,               0.008515,               0.008515,               0.008515
                     35,                 1.5414,                 1.5695,                 1.4564,                0.45991,                0.28411,                  0.283,                0.15551,                 1.5299,                   1.59,                 1.3727,                0.00847,                0.00847,                0.00847
                     36,                 1.5058,                 1.5284,                 1.4407,                0.55908,                0.29353,                0.29137,                0.15924,                 1.5059,                 1.5966,                 1.3521,               0.008425,               0.008425,               0.008425
                     37,                 1.5229,                 1.5378,                 1.4251,                 0.5711,                0.29254,                 0.2944,                0.16157,                 1.5299,                 1.5545,                 1.3547,                0.00838,                0.00838,                0.00838
                     38,                 1.5174,                 1.5049,                 1.4261,                0.52046,                  0.292,                0.29476,                0.16332,                 1.5773,                 1.5545,                 1.3564,               0.008335,               0.008335,               0.008335
                     39,                 1.5359,                 1.4779,                  1.429,                0.57412,                 0.2979,                0.30692,                0.17007,                 1.5293,                 1.5202,                 1.3427,                0.00829,                0.00829,                0.00829
                     40,                 1.4956,                 1.4499,                 1.4056,                0.58749,                0.28964,                0.30187,                0.16709,                  1.565,                 1.5424,                  1.344,               0.008245,               0.008245,               0.008245
                     41,                 1.5083,                 1.4381,                 1.4077,                0.57195,                0.29822,                0.31066,                0.17506,                 1.5386,                 1.5318,                 1.3328,                 0.0082,                 0.0082,                 0.0082
                     42,                 1.5033,                  1.452,                 1.4123,                0.56031,                0.28339,                0.28603,                 0.1582,                 1.6566,                 1.6286,                 1.3646,               0.008155,               0.008155,               0.008155
                     43,                 1.5341,                 1.4146,                 1.3834,                0.61236,                0.30978,                0.32669,                0.18235,                 1.5263,                 1.5086,                 1.3209,                0.00811,                0.00811,                0.00811
                     44,                 1.4978,                 1.4121,                 1.3917,                0.55851,                0.31239,                0.31649,                0.17775,                 1.5236,                 1.4804,                 1.3211,               0.008065,               0.008065,               0.008065
                     45,                 1.4737,                 1.3836,                 1.3917,                0.61323,                0.29315,                0.30734,                0.17254,                 1.5728,                 1.5461,                 1.3307,                0.00802,                0.00802,                0.00802
                     46,                 1.5188,                 1.4032,                 1.3995,                0.60216,                 0.3169,                0.32756,                0.18455,                 1.5477,                 1.4443,                 1.3236,               0.007975,               0.007975,               0.007975
                     47,                 1.5035,                 1.3597,                 1.3664,                0.55875,                0.30347,                 0.3094,                 0.1775,                 1.5594,                 1.5688,                 1.3221,                0.00793,                0.00793,                0.00793
                     48,                 1.4949,                 1.3436,                 1.3645,                0.50619,                0.31612,                0.32636,                0.18393,                 1.5662,                 1.4439,                 1.3126,               0.007885,               0.007885,               0.007885
                     49,                 1.4852,                 1.3307,                 1.3696,                0.52776,                0.32629,                0.33131,                0.18925,                 1.5329,                 1.4399,                 1.3013,                0.00784,                0.00784,                0.00784
                     50,                 1.5231,                 1.3595,                 1.3696,                0.52967,                0.31176,                0.32993,                0.18705,                  1.569,                  1.448,                 1.3063,               0.007795,               0.007795,               0.007795
                     51,                 1.4904,                  1.289,                 1.3508,                0.54295,                0.32909,                 0.3391,                0.19254,                 1.5465,                 1.4211,                 1.2965,                0.00775,                0.00775,                0.00775
                     52,                 1.5221,                 1.3521,                 1.3736,                0.59745,                0.32109,                0.33059,                0.18965,                 1.5736,                 1.4591,                 1.3005,               0.007705,               0.007705,               0.007705
                     53,                 1.5122,                 1.3166,                 1.3512,                0.59669,                0.32136,                0.33364,                0.18916,                 1.5716,                 1.4417,                 1.3031,                0.00766,                0.00766,                0.00766
                     54,                  1.519,                 1.3138,                  1.358,                0.57772,                0.31189,                0.33143,                0.18566,                 1.6001,                 1.4722,                 1.3143,               0.007615,               0.007615,               0.007615
                     55,                 1.4871,                 1.2954,                 1.3477,                0.54096,                0.32342,                0.34321,                0.19244,                 1.5771,                  1.414,                 1.2958,                0.00757,                0.00757,                0.00757
                     56,                 1.4997,                 1.2858,                 1.3416,                0.54381,                0.32023,                0.34311,                 0.1931,                 1.5891,                 1.4209,                 1.2902,               0.007525,               0.007525,               0.007525
                     57,                 1.5175,                 1.2964,                 1.3466,                0.61845,                0.31434,                0.33413,                0.19011,                  1.593,                 1.4669,                 1.2985,                0.00748,                0.00748,                0.00748
                     58,                 1.5136,                 1.2794,                   1.33,                0.63057,                0.32239,                0.34465,                0.19648,                 1.5567,                 1.4517,                   1.29,               0.007435,               0.007435,               0.007435
                     59,                 1.5518,                 1.3087,                 1.3404,                0.53819,                0.32733,                0.33932,                0.19389,                 1.5769,                 1.4419,                  1.287,                0.00739,                0.00739,                0.00739
                     60,                 1.5059,                 1.2796,                 1.3355,                0.59599,                0.32207,                0.33744,                0.18868,                 1.5954,                 1.4323,                 1.2923,               0.007345,               0.007345,               0.007345
                     61,                   1.54,                 1.2979,                 1.3464,                0.54617,                0.32356,                0.33613,                0.19013,                 1.6097,                 1.4192,                 1.2946,                 0.0073,                 0.0073,                 0.0073
                     62,                 1.5006,                 1.2355,                 1.3253,                0.63461,                 0.3265,                0.35063,                0.20208,                 1.5683,                 1.4062,                 1.2769,               0.007255,               0.007255,               0.007255
                     63,                 1.5229,                 1.2517,                 1.3207,                0.56776,                0.32866,                0.35371,                0.20225,                 1.5772,                  1.443,                 1.2795,                0.00721,                0.00721,                0.00721
                     64,                  1.503,                 1.2586,                 1.3126,                0.55781,                0.34006,                0.35633,                0.20416,                 1.5468,                 1.3658,                  1.273,               0.007165,               0.007165,               0.007165
                     65,                 1.5106,                 1.2336,                  1.313,                0.57886,                0.33216,                0.36072,                 0.2076,                 1.5759,                 1.3868,                 1.2725,                0.00712,                0.00712,                0.00712
                     66,                 1.4846,                 1.2042,                  1.295,                0.61764,                0.33735,                0.35754,                0.20872,                 1.5666,                 1.3629,                 1.2674,               0.007075,               0.007075,               0.007075
                     67,                 1.5035,                 1.2369,                 1.3166,                0.62208,                0.34573,                 0.3666,                0.21328,                 1.5714,                 1.3556,                 1.2691,                0.00703,                0.00703,                0.00703
                     68,                 1.4977,                  1.195,                    1.3,                0.59714,                0.34926,                0.35904,                0.20745,                 1.5897,                  1.378,                 1.2736,               0.006985,               0.006985,               0.006985
                     69,                 1.5221,                 1.2099,                 1.2985,                0.65208,                0.34453,                0.36653,                0.21245,                 1.5673,                 1.3196,                 1.2634,                0.00694,                0.00694,                0.00694
                     70,                 1.5203,                 1.2043,                 1.2857,                0.56102,                0.35384,                0.36704,                0.21303,                 1.5682,                 1.3415,                 1.2593,               0.006895,               0.006895,               0.006895
                     71,                 1.5381,                 1.2111,                 1.2904,                0.62788,                0.35142,                0.36457,                0.21359,                 1.5569,                 1.3667,                 1.2573,                0.00685,                0.00685,                0.00685
                     72,                 1.4961,                 1.1893,                 1.2902,                0.67133,                0.33594,                0.36479,                0.21243,                 1.5786,                 1.3858,                 1.2671,               0.006805,               0.006805,               0.006805
                     73,                 1.4975,                 1.1758,                 1.2904,                0.54184,                0.36161,                0.36703,                0.21487,                 1.5544,                 1.3337,                 1.2536,                0.00676,                0.00676,                0.00676
                     74,                 1.5133,                 1.2073,                  1.296,                0.59139,                0.35484,                0.37874,                0.22033,                 1.5514,                 1.3143,                 1.2575,               0.006715,               0.006715,               0.006715
                     75,                 1.4978,                 1.1864,                 1.2941,                0.58719,                 0.3489,                0.37396,                0.21518,                 1.5958,                 1.3272,                 1.2619,                0.00667,                0.00667,                0.00667
                     76,                 1.5362,                 1.1966,                 1.2818,                0.56386,                0.34821,                0.36405,                0.21113,                 1.5936,                 1.3573,                 1.2582,               0.006625,               0.006625,               0.006625
                     77,                 1.5101,                 1.1871,                 1.2869,                0.58644,                0.35619,                0.38177,                 0.2203,                 1.5766,                 1.2975,                 1.2487,                0.00658,                0.00658,                0.00658
                     78,                  1.512,                 1.1659,                 1.2901,                0.57174,                0.35243,                 0.3741,                  0.217,                 1.6211,                 1.3374,                   1.26,               0.006535,               0.006535,               0.006535
                     79,                  1.484,                 1.1459,                 1.2669,                0.56766,                0.36025,                0.37504,                0.21727,                 1.5682,                 1.3184,                 1.2482,                0.00649,                0.00649,                0.00649
                     80,                 1.5106,                 1.1664,                 1.2913,                0.58915,                0.35165,                0.37507,                0.22053,                 1.5923,                 1.3195,                 1.2576,               0.006445,               0.006445,               0.006445
                     81,                 1.5208,                 1.1708,                 1.2891,                 0.5394,                0.35727,                0.37147,                0.21529,                 1.6074,                 1.3279,                 1.2534,                 0.0064,                 0.0064,                 0.0064
                     82,                 1.5087,                 1.1535,                 1.2801,                0.55827,                0.36696,                0.38575,                0.22492,                 1.5919,                 1.3234,                 1.2542,               0.006355,               0.006355,               0.006355
                     83,                 1.5142,                 1.1514,                 1.2716,                0.58615,                0.36559,                0.38332,                0.22272,                 1.5944,                 1.3215,                 1.2494,                0.00631,                0.00631,                0.00631
                     84,                 1.5191,                 1.1717,                 1.2767,                0.57184,                0.36851,                0.38216,                0.22422,                 1.5691,                 1.3333,                 1.2437,               0.006265,               0.006265,               0.006265
                     85,                 1.4951,                 1.1354,                  1.274,                0.57576,                0.36953,                0.38852,                0.22405,                  1.591,                 1.2766,                 1.2444,                0.00622,                0.00622,                0.00622
                     86,                 1.4872,                 1.1227,                 1.2658,                0.64581,                  0.372,                 0.3899,                0.23005,                 1.5757,                 1.2898,                 1.2373,               0.006175,               0.006175,               0.006175
                     87,                 1.4894,                 1.1364,                 1.2658,                0.57324,                0.36586,                0.38335,                 0.2259,                 1.5679,                 1.2944,                 1.2405,                0.00613,                0.00613,                0.00613
                     88,                 1.4862,                 1.1357,                 1.2682,                0.64216,                0.36146,                0.38663,                0.22697,                 1.5821,                 1.2781,                 1.2445,               0.006085,               0.006085,               0.006085
                     89,                 1.4889,                 1.1331,                  1.263,                0.58353,                0.36834,                 0.3904,                 0.2286,                 1.5935,                  1.288,                 1.2453,                0.00604,                0.00604,                0.00604
                     90,                 1.4948,                 1.0994,                 1.2504,                0.64907,                0.36622,                0.39239,                0.22978,                 1.5756,                 1.2827,                 1.2351,               0.005995,               0.005995,               0.005995
                     91,                 1.4632,                 1.0773,                 1.2533,                0.64808,                0.36318,                0.39266,                0.22975,                 1.6149,                 1.3137,                 1.2405,                0.00595,                0.00595,                0.00595
                     92,                 1.5032,                 1.0961,                 1.2491,                0.60729,                 0.3851,                 0.4019,                0.23403,                 1.5953,                 1.2471,                 1.2368,               0.005905,               0.005905,               0.005905
                     93,                 1.4653,                 1.0736,                  1.252,                0.58905,                0.38002,                0.39685,                0.23449,                 1.6042,                 1.2499,                 1.2334,                0.00586,                0.00586,                0.00586
                     94,                 1.4681,                 1.0733,                   1.25,                0.58782,                0.38008,                0.39322,                0.23024,                 1.5989,                 1.2436,                 1.2398,               0.005815,               0.005815,               0.005815
                     95,                 1.4969,                 1.1095,                 1.2626,                0.60891,                0.37654,                0.39489,                0.23286,                 1.5803,                 1.2565,                 1.2356,                0.00577,                0.00577,                0.00577
                     96,                 1.4832,                 1.0929,                 1.2521,                0.62767,                0.36614,                0.39983,                0.23323,                 1.5975,                 1.2313,                 1.2357,               0.005725,               0.005725,               0.005725
                     97,                 1.5122,                 1.1038,                 1.2437,                0.62913,                0.37715,                0.39891,                0.23419,                 1.5999,                 1.2481,                 1.2374,                0.00568,                0.00568,                0.00568
                     98,                 1.4584,                 1.0709,                  1.244,                0.58515,                0.37523,                0.39731,                0.23474,                 1.5805,                 1.2463,                  1.224,               0.005635,               0.005635,               0.005635
                     99,                 1.5047,                 1.0943,                 1.2508,                0.58648,                0.38256,                0.40237,                0.23487,                 1.6145,                 1.2329,                 1.2341,                0.00559,                0.00559,                0.00559
                    100,                  1.481,                 1.0873,                 1.2485,                0.57314,                0.39077,                0.40481,                0.23823,                 1.5766,                 1.2376,                 1.2222,               0.005545,               0.005545,               0.005545
                    101,                 1.4755,                 1.0866,                 1.2564,                0.60172,                0.38026,                0.40042,                0.23619,                 1.5727,                 1.2705,                 1.2214,                 0.0055,                 0.0055,                 0.0055
                    102,                 1.4576,                 1.0607,                 1.2452,                0.69577,                0.36131,                 0.4032,                0.23911,                 1.5934,                 1.2423,                 1.2263,               0.005455,               0.005455,               0.005455
                    103,                 1.4954,                 1.0809,                 1.2393,                0.59266,                0.38034,                0.40113,                0.23872,                 1.6054,                 1.2399,                 1.2262,                0.00541,                0.00541,                0.00541
                    104,                 1.4497,                 1.0734,                 1.2399,                0.61502,                0.38959,                0.40889,                0.24139,                 1.5826,                 1.2142,                 1.2227,               0.005365,               0.005365,               0.005365
                    105,                 1.4688,                 1.0457,                  1.233,                0.64963,                0.37047,                0.40397,                0.23823,                 1.5789,                 1.2056,                 1.2226,                0.00532,                0.00532,                0.00532
                    106,                 1.4477,                 1.0477,                 1.2281,                0.60885,                0.37706,                0.39517,                0.23726,                 1.5584,                 1.2437,                  1.218,               0.005275,               0.005275,               0.005275
                    107,                  1.454,                 1.0485,                 1.2397,                0.64842,                0.37912,                0.40896,                0.24481,                 1.5517,                 1.2078,                 1.2201,                0.00523,                0.00523,                0.00523
                    108,                 1.4458,                 1.0375,                 1.2271,                0.61688,                0.39478,                0.41573,                0.24511,                 1.6051,                 1.2118,                 1.2264,               0.005185,               0.005185,               0.005185
                    109,                 1.4656,                  1.035,                 1.2193,                0.65849,                0.37354,                0.40529,                0.24134,                 1.5796,                 1.2425,                 1.2195,                0.00514,                0.00514,                0.00514
                    110,                 1.4537,                 1.0287,                 1.2235,                0.66777,                0.38153,                 0.4154,                0.24571,                 1.5889,                 1.2434,                 1.2176,               0.005095,               0.005095,               0.005095
                    111,                 1.4532,                 1.0405,                 1.2141,                0.62444,                0.39698,                0.41605,                0.24813,                 1.5816,                 1.2035,                 1.2168,                0.00505,                0.00505,                0.00505
                    112,                 1.4353,                 1.0345,                  1.237,                0.63579,                0.38297,                0.41163,                0.24661,                 1.5726,                 1.2042,                 1.2209,               0.005005,               0.005005,               0.005005
                    113,                 1.4531,                  1.022,                 1.2158,                 0.6314,                0.37967,                0.41044,                0.24407,                 1.5938,                 1.2319,                 1.2215,                0.00496,                0.00496,                0.00496
                    114,                 1.4358,                 1.0248,                 1.2149,                0.61989,                0.39355,                0.40818,                0.24393,                  1.569,                 1.2282,                 1.2142,               0.004915,               0.004915,               0.004915
                    115,                 1.4431,                 1.0271,                 1.2193,                0.60776,                0.39572,                0.41468,                0.24888,                 1.5793,                 1.2157,                 1.2174,                0.00487,                0.00487,                0.00487
                    116,                 1.4668,                 1.0193,                 1.2125,                0.59469,                0.39031,                0.41186,                0.24347,                 1.5938,                 1.2367,                 1.2197,               0.004825,               0.004825,               0.004825
                    117,                 1.4355,                 1.0183,                  1.217,                0.62312,                0.38957,                0.41323,                0.24529,                 1.5865,                 1.2252,                 1.2158,                0.00478,                0.00478,                0.00478
                    118,                  1.452,                 1.0284,                 1.2199,                0.59053,                0.39957,                0.40996,                  0.243,                 1.5947,                 1.2116,                 1.2136,               0.004735,               0.004735,               0.004735
                    119,                 1.4133,                0.99639,                 1.2107,                0.64677,                0.37416,                0.41073,                0.24417,                 1.5583,                  1.213,                 1.2081,                0.00469,                0.00469,                0.00469
                    120,                 1.4182,                0.99648,                 1.2034,                0.67826,                0.37707,                0.41499,                0.25085,                 1.5586,                 1.1741,                 1.2039,               0.004645,               0.004645,               0.004645
                    121,                 1.4607,                 1.0203,                 1.2185,                0.61019,                0.39504,                0.41838,                0.25149,                 1.5838,                 1.1862,                 1.2136,                 0.0046,                 0.0046,                 0.0046
                    122,                 1.4195,                0.99924,                 1.2073,                0.61481,                0.38817,                 0.4119,                0.24613,                 1.5734,                 1.2024,                 1.2142,               0.004555,               0.004555,               0.004555
                    123,                 1.4244,                 1.0062,                 1.2071,                0.61414,                0.37974,                0.40722,                0.24404,                 1.5781,                 1.2183,                 1.2062,                0.00451,                0.00451,                0.00451
                    124,                 1.4274,                  0.994,                 1.1959,                0.67302,                0.39051,                0.41907,                0.25115,                 1.5631,                 1.2139,                 1.2095,               0.004465,               0.004465,               0.004465
                    125,                 1.4503,                  1.021,                 1.2077,                0.61973,                0.40181,                0.42348,                0.25181,                  1.563,                 1.1825,                 1.2082,                0.00442,                0.00442,                0.00442
                    126,                 1.4253,                0.99477,                 1.2124,                0.64963,                0.38122,                0.41797,                0.24866,                  1.565,                 1.1853,                 1.2128,               0.004375,               0.004375,               0.004375
                    127,                 1.4341,                0.99178,                 1.1995,                0.63228,                0.40234,                 0.4235,                0.25189,                 1.5667,                  1.179,                 1.2084,                0.00433,                0.00433,                0.00433
                    128,                  1.462,                 1.0082,                  1.201,                  0.622,                0.39624,                0.41984,                0.25085,                  1.581,                 1.1855,                 1.2076,               0.004285,               0.004285,               0.004285
                    129,                   1.44,                0.97974,                 1.1864,                0.64174,                0.39512,                0.42535,                0.25396,                 1.5681,                 1.2108,                 1.2021,                0.00424,                0.00424,                0.00424
                    130,                 1.4185,                0.98739,                 1.1933,                0.62654,                0.39893,                0.42248,                0.25327,                 1.5562,                 1.1692,                 1.2017,               0.004195,               0.004195,               0.004195
                    131,                 1.4048,                0.96475,                 1.1911,                0.66318,                0.40723,                0.43786,                0.26131,                 1.5513,                 1.1566,                  1.198,                0.00415,                0.00415,                0.00415
                    132,                 1.4295,                0.99279,                 1.1863,                0.61693,                0.40105,                0.42012,                0.24917,                 1.5736,                 1.1832,                 1.2026,               0.004105,               0.004105,               0.004105
                    133,                 1.4097,                0.97745,                 1.1995,                0.69049,                0.39507,                 0.4271,                0.25646,                 1.5577,                 1.1942,                 1.2031,                0.00406,                0.00406,                0.00406
                    134,                 1.4258,                0.98441,                 1.1946,                0.62686,                0.40695,                0.42699,                0.25568,                 1.5595,                 1.1686,                 1.2024,               0.004015,               0.004015,               0.004015
                    135,                 1.4008,                0.98752,                 1.2056,                0.66044,                0.39409,                0.42275,                0.25332,                 1.5759,                 1.1581,                 1.2021,                0.00397,                0.00397,                0.00397
                    136,                 1.4011,                0.97293,                 1.1928,                0.60406,                0.41216,                0.42419,                0.25474,                 1.5486,                 1.1615,                 1.1953,               0.003925,               0.003925,               0.003925
                    137,                 1.4034,                0.97039,                 1.1868,                0.64573,                0.40366,                0.42588,                0.25723,                 1.5576,                 1.1611,                 1.1957,                0.00388,                0.00388,                0.00388
                    138,                 1.3994,                 0.9693,                 1.1892,                0.65402,                0.39939,                0.42356,                0.25316,                 1.5774,                 1.1631,                 1.1987,               0.003835,               0.003835,               0.003835
                    139,                 1.4317,                 0.9705,                 1.1772,                0.63909,                0.39129,                0.41835,                0.24639,                  1.589,                 1.1603,                  1.205,                0.00379,                0.00379,                0.00379
                    140,                 1.4283,                0.97744,                 1.1964,                0.62781,                0.40465,                0.42013,                0.25441,                 1.5586,                 1.1757,                 1.1973,               0.003745,               0.003745,               0.003745
                    141,                 1.3805,                0.94774,                 1.1829,                0.65313,                0.39421,                0.41886,                0.25297,                 1.5623,                 1.1744,                 1.1998,                 0.0037,                 0.0037,                 0.0037
                    142,                 1.3913,                0.97381,                 1.1802,                0.62429,                0.38722,                0.41966,                0.25228,                 1.5653,                 1.1623,                 1.1984,               0.003655,               0.003655,               0.003655
                    143,                 1.3917,                0.95227,                  1.184,                0.61863,                0.40117,                0.42862,                0.25789,                 1.5537,                 1.1557,                 1.1947,                0.00361,                0.00361,                0.00361
                    144,                 1.3873,                0.94285,                 1.1834,                0.63721,                0.41261,                0.43269,                0.26009,                 1.5609,                 1.1568,                 1.1951,               0.003565,               0.003565,               0.003565
                    145,                 1.4037,                0.97055,                 1.1844,                0.64443,                0.39941,                0.42733,                 0.2567,                 1.5655,                 1.1687,                 1.1959,                0.00352,                0.00352,                0.00352
                    146,                   1.38,                 0.9428,                 1.1839,                0.65276,                0.40553,                0.43114,                0.25924,                 1.5497,                 1.1378,                 1.1949,               0.003475,               0.003475,               0.003475
                    147,                 1.3901,                0.94914,                 1.1792,                0.62799,                  0.402,                0.42941,                0.25857,                 1.5671,                  1.157,                  1.202,                0.00343,                0.00343,                0.00343
                    148,                 1.3778,                0.94066,                 1.1704,                0.64405,                0.40035,                 0.4258,                0.25851,                 1.5543,                 1.1551,                 1.1931,               0.003385,               0.003385,               0.003385
                    149,                 1.3783,                0.93687,                 1.1764,                0.62857,                0.40236,                0.42656,                0.25695,                 1.5696,                 1.1831,                 1.1998,                0.00334,                0.00334,                0.00334
                    150,                 1.4011,                0.93753,                 1.1668,                0.71962,                0.38986,                 0.4297,                0.25867,                 1.5646,                  1.184,                  1.195,               0.003295,               0.003295,               0.003295
                    151,                 1.3855,                0.94162,                 1.1691,                0.63589,                0.40808,                0.43364,                0.25948,                 1.5552,                 1.1548,                 1.1923,                0.00325,                0.00325,                0.00325
                    152,                 1.3558,                 0.9147,                 1.1652,                0.65749,                0.40092,                0.42693,                0.25877,                  1.544,                 1.1719,                 1.1877,               0.003205,               0.003205,               0.003205
                    153,                 1.3576,                0.91606,                 1.1764,                0.63824,                0.41151,                0.43204,                0.26294,                 1.5374,                 1.1457,                 1.1853,                0.00316,                0.00316,                0.00316
                    154,                 1.3699,                0.92508,                  1.171,                 0.6617,                0.40802,                0.43426,                0.26137,                 1.5453,                 1.1473,                  1.191,               0.003115,               0.003115,               0.003115
                    155,                 1.3517,                0.91842,                 1.1647,                0.66385,                0.40423,                0.43664,                0.26566,                 1.5365,                 1.1409,                 1.1861,                0.00307,                0.00307,                0.00307
                    156,                 1.4031,                0.93794,                 1.1656,                0.62207,                 0.4098,                 0.4292,                 0.2578,                 1.5671,                 1.1473,                 1.1978,               0.003025,               0.003025,               0.003025
                    157,                 1.3576,                0.91285,                 1.1708,                0.66692,                0.40338,                0.43244,                0.26049,                 1.5571,                 1.1387,                 1.1894,                0.00298,                0.00298,                0.00298
                    158,                 1.3845,                0.91926,                 1.1543,                0.65079,                 0.4068,                0.43291,                0.26214,                 1.5523,                 1.1438,                 1.1919,               0.002935,               0.002935,               0.002935
                    159,                 1.3778,                0.93312,                 1.1606,                0.64513,                0.40657,                0.43148,                 0.2611,                 1.5504,                 1.1482,                 1.1887,                0.00289,                0.00289,                0.00289
                    160,                  1.357,                0.92626,                 1.1654,                0.63399,                0.41299,                0.43284,                0.25997,                 1.5571,                 1.1447,                 1.1909,               0.002845,               0.002845,               0.002845
                    161,                 1.3545,                0.90236,                 1.1645,                0.68625,                0.40708,                0.43556,                0.26133,                 1.5603,                 1.1373,                 1.1925,                 0.0028,                 0.0028,                 0.0028
                    162,                 1.3715,                0.92115,                 1.1687,                0.67813,                0.39803,                 0.4317,                0.26073,                 1.5672,                 1.1462,                 1.1926,               0.002755,               0.002755,               0.002755
                    163,                 1.3374,                0.90792,                 1.1637,                0.68338,                0.40531,                0.43731,                 0.2647,                 1.5757,                 1.1393,                 1.1969,                0.00271,                0.00271,                0.00271
                    164,                 1.3454,                0.91555,                 1.1558,                0.66505,                0.40438,                0.43264,                0.26616,                 1.5451,                 1.1335,                 1.1886,               0.002665,               0.002665,               0.002665
                    165,                  1.348,                0.89746,                 1.1583,                  0.608,                0.41557,                0.43516,                0.26466,                 1.5525,                 1.1392,                  1.192,                0.00262,                0.00262,                0.00262
                    166,                 1.3535,                0.89246,                  1.155,                0.70445,                0.39855,                 0.4374,                0.26361,                 1.5512,                 1.1362,                 1.1876,               0.002575,               0.002575,               0.002575
                    167,                 1.3374,                0.90882,                 1.1492,                0.68269,                 0.3999,                0.44004,                0.26724,                 1.5491,                 1.1394,                 1.1843,                0.00253,                0.00253,                0.00253
                    168,                 1.3617,                0.90311,                  1.156,                 0.6386,                0.41303,                0.44228,                0.26695,                 1.5537,                 1.1458,                 1.1893,               0.002485,               0.002485,               0.002485
                    169,                 1.3368,                 0.8996,                  1.159,                0.64714,                0.41448,                0.43909,                0.26649,                  1.539,                 1.1455,                 1.1857,                0.00244,                0.00244,                0.00244
                    170,                 1.3429,                0.89932,                 1.1591,                0.65178,                0.40582,                0.43704,                0.26681,                 1.5416,                 1.1464,                 1.1844,               0.002395,               0.002395,               0.002395
                    171,                 1.3336,                0.90283,                 1.1554,                0.65557,                0.40583,                0.43509,                  0.263,                 1.5661,                 1.1457,                  1.189,                0.00235,                0.00235,                0.00235
                    172,                 1.3319,                0.89041,                 1.1439,                0.64607,                0.41692,                0.43914,                0.26442,                  1.558,                 1.1341,                 1.1869,               0.002305,               0.002305,               0.002305
                    173,                 1.3335,                0.89342,                 1.1538,                0.64978,                0.41367,                0.44086,                 0.2676,                 1.5522,                 1.1435,                 1.1858,                0.00226,                0.00226,                0.00226
                    174,                 1.3283,                0.88642,                 1.1525,                0.66975,                0.41117,                0.44184,                0.26794,                 1.5574,                 1.1424,                 1.1892,               0.002215,               0.002215,               0.002215
                    175,                 1.3387,                0.89909,                 1.1587,                0.66951,                 0.4067,                0.44044,                0.26625,                 1.5541,                 1.1343,                 1.1871,                0.00217,                0.00217,                0.00217
                    176,                 1.3053,                0.86553,                 1.1445,                0.67299,                0.40859,                0.44827,                0.27123,                  1.552,                 1.1318,                 1.1864,               0.002125,               0.002125,               0.002125
                    177,                  1.337,                0.88568,                 1.1416,                0.68088,                0.41609,                0.44808,                0.27104,                 1.5592,                 1.1229,                 1.1882,                0.00208,                0.00208,                0.00208
                    178,                 1.3256,                0.88284,                 1.1416,                0.66597,                0.41312,                0.44395,                0.26897,                 1.5468,                  1.124,                 1.1876,               0.002035,               0.002035,               0.002035
                    179,                 1.3226,                0.89445,                 1.1577,                0.68474,                0.40358,                0.44157,                0.26858,                 1.5651,                 1.1452,                 1.1915,                0.00199,                0.00199,                0.00199
                    180,                 1.3156,                0.87565,                 1.1465,                0.66955,                0.40506,                0.44214,                0.26864,                 1.5594,                 1.1309,                 1.1868,               0.001945,               0.001945,               0.001945
                    181,                 1.3242,                0.89434,                 1.1523,                0.67234,                0.41305,                0.44438,                0.26741,                  1.559,                 1.1286,                 1.1881,                 0.0019,                 0.0019,                 0.0019
                    182,                 1.3297,                0.89534,                 1.1556,                0.68076,                0.41359,                0.44101,                0.26768,                 1.5587,                 1.1358,                  1.189,               0.001855,               0.001855,               0.001855
                    183,                 1.3111,                0.87641,                  1.153,                0.66656,                0.40418,                0.44185,                0.26927,                 1.5475,                 1.1301,                  1.186,                0.00181,                0.00181,                0.00181
                    184,                 1.3248,                0.87932,                 1.1469,                0.70439,                0.39985,                0.44285,                0.26978,                 1.5432,                 1.1288,                 1.1863,               0.001765,               0.001765,               0.001765
                    185,                 1.3088,                0.86956,                  1.134,                0.69184,                0.41742,                0.44538,                0.27007,                 1.5388,                 1.1215,                 1.1839,                0.00172,                0.00172,                0.00172
                    186,                 1.3003,                0.86549,                 1.1407,                0.69104,                0.41541,                 0.4456,                0.26908,                 1.5546,                 1.1254,                 1.1851,               0.001675,               0.001675,               0.001675
                    187,                 1.3191,                0.87541,                 1.1512,                0.68205,                0.41892,                 0.4461,                0.26893,                  1.566,                  1.124,                 1.1861,                0.00163,                0.00163,                0.00163
                    188,                 1.3244,                0.88259,                 1.1487,                0.67846,                0.40462,                0.44204,                0.26791,                 1.5502,                 1.1297,                 1.1855,               0.001585,               0.001585,               0.001585
                    189,                 1.2997,                0.86456,                  1.135,                0.65209,                0.41731,                0.44079,                0.26839,                 1.5609,                 1.1287,                 1.1854,                0.00154,                0.00154,                0.00154
                    190,                 1.3187,                 0.8736,                 1.1312,                0.62857,                0.42406,                0.44204,                0.26965,                 1.5537,                 1.1189,                 1.1841,               0.001495,               0.001495,               0.001495
                    191,                 1.2914,                0.85876,                 1.1308,                 0.6474,                0.41615,                0.44273,                  0.271,                  1.541,                 1.1309,                  1.182,                0.00145,                0.00145,                0.00145
                    192,                 1.3142,                0.86398,                 1.1347,                0.67983,                  0.414,                0.44524,                 0.2709,                   1.55,                  1.131,                   1.18,               0.001405,               0.001405,               0.001405
                    193,                  1.305,                0.86398,                 1.1322,                0.67403,                0.41609,                0.44463,                0.26999,                 1.5577,                 1.1366,                 1.1822,                0.00136,                0.00136,                0.00136
                    194,                  1.307,                0.85667,                 1.1302,                 0.6667,                0.41639,                0.44415,                0.27093,                 1.5303,                 1.1178,                 1.1786,               0.001315,               0.001315,               0.001315
                    195,                 1.2939,                0.86854,                 1.1304,                0.67308,                0.41682,                0.44481,                0.27071,                 1.5477,                 1.1303,                 1.1838,                0.00127,                0.00127,                0.00127
                    196,                 1.2925,                 0.8403,                 1.1311,                 0.6641,                0.42781,                0.44804,                0.27385,                 1.5455,                 1.1308,                 1.1827,               0.001225,               0.001225,               0.001225
                    197,                 1.2922,                0.85385,                 1.1314,                0.66349,                0.42333,                0.44969,                0.27294,                 1.5535,                 1.1185,                 1.1818,                0.00118,                0.00118,                0.00118
                    198,                 1.3058,                0.86835,                 1.1197,                0.68534,                0.41799,                0.44845,                 0.2721,                 1.5438,                 1.1241,                 1.1805,               0.001135,               0.001135,               0.001135
                    199,                  1.317,                0.86063,                 1.1272,                0.68513,                0.41482,                0.44663,                0.27219,                  1.546,                 1.1261,                  1.181,                0.00109,                0.00109,                0.00109
                    200,                 1.2936,                0.85694,                  1.135,                 0.6776,                0.41715,                0.44673,                0.27172,                 1.5412,                  1.113,                 1.1803,               0.001045,               0.001045,               0.001045
